{
    "year": 2026,
    "criteria": [
        "teaching",
        "research_env",
        "research_qual",
        "industry",
        "intl_outlook"
    ],
    "entropy_weights": [
        0.14759413630431517,
        0.30292773643649273,
        0.10927849116178,
        0.2745824734532785,
        0.16561716264413356
    ],
    "ahp_weights": [
        0.1610504069885031,
        0.261787988116735,
        0.41621244545530517,
        0.06237638655248462,
        0.09857277288697212
    ],
    "final_weights": [
        0.15432227164640916,
        0.2823578622766139,
        0.2627454683085426,
        0.1684794300028816,
        0.13209496776555288
    ],
    "data_min": [
        8.6,
        6.8,
        4.0,
        16.0,
        17.1
    ],
    "data_max": [
        99.2,
        100.0,
        99.6,
        100.0,
        99.5
    ]
}