{
    "year": 2021,
    "criteria": [
        "teaching",
        "research_env",
        "research_qual",
        "industry",
        "intl_outlook"
    ],
    "entropy_weights": [
        0.17390903662068008,
        0.21956765970303568,
        0.12252992885016624,
        0.30468092384953,
        0.179312450976588
    ],
    "ahp_weights": [
        0.1610504069885031,
        0.261787988116735,
        0.41621244545530517,
        0.06237638655248462,
        0.09857277288697212
    ],
    "final_weights": [
        0.16747972180459159,
        0.24067782390988535,
        0.2693711871527357,
        0.1835286552010073,
        0.13894261193178006
    ],
    "data_min": [
        9.0,
        2.8,
        3.4,
        15.7,
        16.4
    ],
    "data_max": [
        99.2,
        100.0,
        99.7,
        100.0,
        99.3
    ]
}