{
    "year": 2022,
    "criteria": [
        "teaching",
        "research_env",
        "research_qual",
        "industry",
        "intl_outlook"
    ],
    "entropy_weights": [
        0.14855099599087127,
        0.23798093337055468,
        0.09420055006815821,
        0.3930772925934698,
        0.12619022797694604
    ],
    "ahp_weights": [
        0.1610504069885031,
        0.261787988116735,
        0.41621244545530517,
        0.06237638655248462,
        0.09857277288697212
    ],
    "final_weights": [
        0.15480070148968716,
        0.24988446074364484,
        0.2552064977617317,
        0.2277268395729772,
        0.11238150043195907
    ],
    "data_min": [
        11.9,
        7.4,
        0.7,
        34.8,
        13.8
    ],
    "data_max": [
        94.5,
        99.6,
        100.0,
        100.0,
        99.9
    ]
}