{
    "year": 2023,
    "criteria": [
        "teaching",
        "research_env",
        "research_qual",
        "industry",
        "intl_outlook"
    ],
    "entropy_weights": [
        0.14841430736836303,
        0.23178931432160688,
        0.09400314516668898,
        0.40766135737696996,
        0.11813187576637114
    ],
    "ahp_weights": [
        0.1610504069885031,
        0.261787988116735,
        0.41621244545530517,
        0.06237638655248462,
        0.09857277288697212
    ],
    "final_weights": [
        0.1547323571784331,
        0.24678865121917096,
        0.25510779531099714,
        0.23501887196472732,
        0.10835232432667165
    ],
    "data_min": [
        11.6,
        7.4,
        0.8,
        36.9,
        14.1
    ],
    "data_max": [
        94.8,
        99.7,
        100.0,
        100.0,
        99.7
    ]
}