{
    "year": 2024,
    "criteria": [
        "teaching",
        "research_env",
        "research_qual",
        "industry",
        "intl_outlook"
    ],
    "entropy_weights": [
        0.17021512762353072,
        0.24846418109777718,
        0.11585591821269295,
        0.29900404858005003,
        0.16646072448594915
    ],
    "ahp_weights": [
        0.1610504069885031,
        0.261787988116735,
        0.41621244545530517,
        0.06237638655248462,
        0.09857277288697212
    ],
    "final_weights": [
        0.1656327673060169,
        0.25512608460725605,
        0.2660341818339991,
        0.18069021756626732,
        0.13251674868646063
    ],
    "data_min": [
        9.4,
        4.6,
        3.4,
        15.6,
        16.1
    ],
    "data_max": [
        99.0,
        100.0,
        99.7,
        100.0,
        98.8
    ]
}