{
    "year": 2021,
    "criteria": [
        "teaching",
        "research_env",
        "research_qual",
        "industry",
        "intl_outlook"
    ],
    "entropy_weights": [
        0.15174505835617896,
        0.23953627542685302,
        0.10116181128560546,
        0.3783447236848698,
        0.12921213124649272
    ],
    "ahp_weights": [
        0.1610504069885031,
        0.261787988116735,
        0.41621244545530517,
        0.06237638655248462,
        0.09857277288697212
    ],
    "final_weights": [
        0.15639773267234103,
        0.250662131771794,
        0.2586871283704553,
        0.22036055511867722,
        0.11389245206673243
    ],
    "data_min": [
        11.7,
        7.1,
        1.9,
        33.3,
        13.5
    ],
    "data_max": [
        94.4,
        99.6,
        100.0,
        100.0,
        100.0
    ]
}